path,image
f7k3m9,T001.png
r2x8q4,T002.png
n6w3p7,T003.png
k9t4v2,T004.png
b3z7h8,T005.png
q8m2c5,T006.png
v4j9d6,T007.png
g7p2x8,T008.png
t5n8k3,T009.png
c9r4w7,T010.png
m3v7q2,T011.png
x8k5b9,T012.png
d4t7p3,T013.png
w9c2n6,T014.png
h5q8r4,T015.png
p7m3v9,T016.png
z2k6t8,T017.png
j9w4c7,T018.png
r5x8n2,T019.png
v3p7k9,T020.png
q6d2m8,T021.png
t9h4x7,T022.png
b5n8w3,T023.png
k2r7v6,T024.png
m8c3q9,T025.png
x4p7t2,T026.png
d9v5k8,T027.png
w3m6r7,T028.png
h8q2n4,T029.png
p4x9c6,T030.png
